Trained Epochs,BC Loss,QL Loss,Actor Loss,Critic Loss
50,0.04858672497216612,-0.9999780471682549,-0.9513913232159614,22.062914182431996
3501.974152256633,0.762490962727793
100,0.03392924535498023,-1.0000042382776737,-0.9660749934816361,32.289287126722336
5009.748585260964,1.090934110936819
150,0.031645581699833274,-1.000005494977236,-0.9683599138760567,36.530069664916994
5013.75945468619,1.0918078109759233
